[
{
  "Component":"Brakes",
  "Description":"A bicycle brake reduces the speed of a bicycle or prevents it from moving. The three main types are: rim brakes,disc brakes, and drum brakes. There have been various types of brakes used throughout history, and several are still in use today. Most bicycle brake systems consist of three main components: a mechanism for the rider to apply the brakes, such as brake levers or pedals; a mechanism for transmitting that signal, such as Bowden cables, hydraulic hoses, rods, or the bicycle chain; and the brake mechanism itself, a caliper or drum, to press two or more surfaces together in order to convert, via friction, kinetic energy of the bike and rider into thermal energy to be dissipated.",
  "link":"http://cycling.wikia.com/wiki/Brakes",
  "img":"img/brakes.jpg"
},
{
  "Component":"Crankset",
  "Description":"The crankset (in the US) or chainset (in the UK), is the component of a bicycle drivetrain that converts the reciprocating motion of the rider's legs into rotational motion used to drive the chain or belt, which in turn drives the rear wheel. It consists of one or more sprockets, also called chainrings or chainwheels attached to the cranks, arms, or crankarms to which the pedals attach. It is connected to the rider by the pedals, to the bicycle frame by the bottom bracket, and to the rear sprocket, cassette or freewheel via the chain.",
  "link":"http://www.bikeradar.com/road/gear/article/best-road-bike-cranksets-44316/",
  "img":"img/crankset.jpg"
},
{
  "Component":"Drivetrain",
  "Description":"Bicycle drivetrain systems are used to transmit power on bicycles, tricycles, quadracycles, unicycles, or other human-powered vehicles from the riders to the drive wheels. Most also include some type of a mechanism to convert speed and torque via gear ratios.",
  "link":"http://www.goodcycles.org/what-is-the-drivetrain/",
  "img":"img/drivetrain.jpg"
},
{
  "Component":"Handlebars",
  "Description":"Bicycle handlebar or bicycle handlebars refers to the steering mechanism for bicycles; the equivalent of a steering wheel. Besides steering, handlebars also often support a portion of the rider's weight, depending on their riding position, and provide a convenient mounting place for brake levers, shift levers, cyclocomputers, bells, etc. Handlebars are attached to a bike's stem which in turn attaches to the fork.",
  "link":"https://www.citybicycleco.com/blogs/fixie-news/45179589-the-ultimate-guide-to-bike-handlebars",
  "img":"img/handlebars.jpg"
},
{
  "Component":"Derailleurs",
  "Description":"Derailleur gears are a variable-ratio transmission system commonly used on bicycles, consisting of a chain, multiple sprockets of different sizes, and a mechanism to move the chain from one sprocket to another. Although referred to as gears in the bike world, these bicycle gears are technically sprockets since they drive or are driven by a chain, and are not driven by one another. Modern front and rear derailleurs typically consist of a moveable chain-guide that is operated remotely by a Bowden cable attached to a shifter mounted on the down tube, handlebar stem, or handlebar. When a rider operates the lever while pedalling, the change in cable tension moves the chain-guide from side to side, 'derailing' the chain onto different sprockets.",
  "link":"http://www.bicycling.com/maintenance/rear-derailleur/know-your-rear-derailleur",
  "img":"img/derailleur.jpg"
},
{
  "Component":"Saddle",
  "Description":"A bicycle saddle, often called a seat, is one of three contact points on an upright bicycle, the others being the pedals and the handlebars. The bicycle saddle has been known as such since the bicycle evolved from the draisine, a forerunner of the bicycle. It performs a similar role as a horse's saddle, not bearing all the weight of the rider as the other contact points also take some of the load. A bicycle saddle is commonly attached to the seatpost and the height of the saddle can usually be adjusted by the seatpost telescoping in and out of the seat tube.",
  "link":"http://www.bicycling.com/maintenance/bike-fit/get-know-your-saddles-anatomy",
  "img":"img/saddle.jpg"
},
{
  "Component":"Suspension",
  "Description":"Bicycle suspension is the system, or systems, used to suspend the rider and bicycle in order to insulate them from the roughness of the terrain. Bicycle suspension is used primarily on mountain bikes, but is also common on hybrid bicycles. Bicycles with only front suspension are referred to as hardtail and bicycles with suspension in both the front and rear are referred to as full suspension bikes. When a bicycle has no suspension it is called rigid. Bicycles with only rear suspension are uncommon although the Brompton folding bicycle is equipped with rear only suspension.",
  "link":"http://www.bikeradar.com/gear/article/buyers-guide-to-mountain-bike-suspension-part-3-28498/",
  "img":"img/suspension.jpg"
},
{
  "Component":"Tyres",
  "Description":"A bicycle tire is a tire that fits on the wheel of a bicycle, unicycle, tricycle, quadracycle, bicycle trailer, or trailer bike. They may also be used on wheelchairs and handcycles, especially for racing. Bicycle tires provide an important source of suspension, generate the lateral forces necessary for balancing and turning, and generate the longitudinal forces necessary for propulsion and braking. They are the second largest source, after air drag, of power consumption on a level road. The modern detachable pneumatic bicycle tire contributed to the popularity and eventual dominance of the safety bicycle.",
  "link":"http://bikeraceinfo.com/tech/tires.html",
  "img":"img/tyres.jpg"
}
]
