[
  {
  "Name":"Wheels tightly fitted?",
  "id":0,
  "desc":"All wheels does not have quick lever release, check that the nuts on both sides of the wheel are secure."
},
{
"Name":"Enough Air in tyres?",
"id":1,
"desc":"If the tyre is soft, then attach a pump to the valve to pump the tyres."
},
{
"Name":"Seat post fitted tightly?",
"id":2,
"desc":"In case the seat post's clamps are loose,use an allen key to tighten th seat post clamp."
},
{
"Name":"Front and Rear brakes functioning?",
"id":3,
"desc":"If the brake lever pulls against the handlebar grip then the brake needs adjusting. This is done by loosening the brake cable anchor bolt, pulling the cable tighter, and tightening the anchor bolt again."
},
{
"Name":"Chain cleaned and oiled?",
"id":4,
"desc":"For a smooth ride do a regular check-up on the chains, don't put too much oil as it will pick up more dirt making it difficult to clean."
},
{
"Name":"Pedals spin smoothly?",
"id":5,
"desc":"If pedals doesn't spin as it normally does then make sure that the cranks are on tightly."
},
{
"Name":"Front wheel and stem move independently?",
"id":6,
"desc":"Perform this check by standing in front of the bike, holding the front wheel between your knees, and twisting the handlebars.You can prevent movement by tightening the stem bolts "
},
{
"Name":"Any cracks or damage on the frame",
"id":7,
"desc":"Focus this check on the area where the frame joins the head tube."
}
]
